,Date,Stock,Portfolio Value,Type,Entry Price,Stop Loss,Quantity,Explanation
0,2025-02-24 12:00:00+05:30,ICICIBANK,30150.5,buy,1200.0,1150.0,10,"Confidence: 70.0 | Based on the trend confidence of 70%, we are confident that the stock price will rise. We are buying 10 shares at a price of 1200 rupees with a stop loss at 1150 rupees to protect against downside risks."
1,2025-02-24 12:00:00+05:30,ICICIBANK,30575.25,sell,1300.0,1200.0,5,"Confidence: 30.0 | With a trend confidence of 30%, we are not confident about the upward trend of the stock. We are selling 5 shares at a price of 1300 rupees with a stop loss at 1200 rupees to protect against downside risks."
2,2025-02-24 12:50:00+05:30,ICICIBANK,30500.0,sell,1200.0,1150.0,5,Confidence: 60.0 | Selling at the current price as it is above the trend line and there is a downward trend
3,2025-02-24 13:30:00+05:30,ICICIBANK,30494.5,buy,1218.35,1215.5,10,Confidence: 90.0 | The stock is in an uptrend and has been trading within a range of 1215.5 to 1218.35 for the last few days. Buying now at 1218.35 with a stop-loss of 1215.5 will help to capture some of the upward trend while also protecting against potential downside risk.
4,2025-02-24 13:40:00+05:30,ICICIBANK,30503.0,buy,1215.05,1215.5,10,"Confidence: 60.0 | The stock is currently trading at 1215.05 which is above the average price of 1218.35. Given the upward trend in the stock price and the high volume of 200258 shares, it is a good time to buy 10 shares of ICICIBANK at a stop loss of 1215.5."
5,2025-02-24 13:40:00+05:30,ICICIBANK,30510.5,sell,1218.35,1217.5,5,"Confidence: 40.0 | The stock is currently trading at 1218.35 which is above the average price of 1218.35. Given the downward trend in the stock price and the low volume of 137481 shares, it is a good time to sell 5 shares of ICICIBANK at a stop loss of 1217.5."
6,2025-02-24 13:50:00+05:30,ICICIBANK,30490.25,sell,1215.5,1215.5,15,Confidence: 100.0 | Selling ICICIBANK at the current market price as it is overvalued based on the trend confidence of 100%.
7,2025-02-24 13:55:00+05:30,ICICIBANK,30491.05,buy,1217.3,1215.5,1,"Confidence: 70.0 | Based on the upward trend and high volume, it is a good time to buy ICICIBANK at a price of 1217.3 with a stop-loss of 1215.5 and a trend confidence of 70%."
8,2025-02-24 14:05:00+05:30,ICICIBANK,30497.850000000002,buy,1214.4,1212.4,2,Confidence: 75.0 | ICICIBANK is trading at a good price and has a high trend confidence. This is a buy signal.
9,2025-02-24 14:25:00+05:30,ICICIBANK,30504.550000000003,buy,1214.3,1212.4,2,Confidence: 80.0 | The trend of the stock is upwards with high confidence. Buying at entry price of 1214.3 will help to make profit if the stock continues to rise. Stop loss is set at 1212.4 to minimize losses.
10,2025-02-24 14:25:00+05:30,ICICIBANK,30506.000000000004,sell,1219.25,1220.5,1,Confidence: 60.0 | The trend of the stock is downwards with moderate confidence. Selling at entry price of 1219.25 will help to make profit if the stock continues to fall. Stop loss is set at 1220.5 to minimize losses.
11,2025-02-24 14:30:00+05:30,ICICIBANK,30507.200000000004,sell,1218.1,1215.75,4,Confidence: 70.0 | Selling ICICIBANK at 1218.1 as it is above the trendline and has a trend confidence of 70%.
